{
    "todo":[
        {
      "x":106.79177726055457,
      "y":10.872512990539324
   },
   {
      "x":106.79146826955217, 
      "y":10.868568194942823
   },
   {
      "x":106.79450667540044,
      "y":10.866393476810664
   },
   {
      "x":106.80161345535876,
      "y":10.867152101124956
   }
    ]
}
