{
    "todo":[
        {
            "x":106.79516086788163,
            "y":10.877265062700753
        },
        {
            "x":106.79177726055457,
            "y":10.872512990539324
        }
    ]
}
